f80.jpg,frown
f156.jpg,frown
f5.jpg,frown
f46.jpg,frown
f86.jpg,frown
f52.jpg,frown
f44.jpg,frown
f171.jpg,frown
f28.jpg,frown
f31.jpg,frown
f126.jpg,frown
f7.jpg,frown
f26.jpg,frown
f3.jpg,frown
f129.jpg,frown
f168.jpg,frown
f137.jpg,frown
f113.jpg,frown
f50.jpg,frown
f11.jpg,frown
f102.jpg,frown
f72.jpg,frown
f25.jpg,frown
f175.jpg,frown
f51.jpg,frown
f20.jpg,frown
f153.jpg,frown
f22.jpg,frown
f64.jpg,frown
f49.jpg,frown
f57.jpg,frown
f140.jpg,frown
f138.jpg,frown
f92.jpg,frown
f18.jpg,frown
f144.jpg,frown
f56.jpg,frown
f122.jpg,frown
f67.jpg,frown
f76.jpg,frown
f91.jpg,frown
f77.jpg,frown
f148.jpg,frown
f13.jpg,frown
f63.jpg,frown
f45.jpg,frown
f93.jpg,frown
f131.jpg,frown
f19.jpg,frown
f8.jpg,frown
f158.jpg,frown
f155.jpg,frown
f61.jpg,frown
f135.jpg,frown
f38.jpg,frown
f24.jpg,frown
f147.jpg,frown
f98.jpg,frown
f29.jpg,frown
f161.jpg,frown
f120.jpg,frown
f43.jpg,frown
f94.jpg,frown
f15.jpg,frown
f160.jpg,frown
f174.jpg,frown
f117.jpg,frown
f47.jpg,frown
f40.jpg,frown
f108.jpg,frown
f109.jpg,frown
f154.jpg,frown
f127.jpg,frown
f78.jpg,frown
f107.jpg,frown
f143.jpg,frown
f166.jpg,frown
f83.jpg,frown
f1.jpg,frown
f149.jpg,frown
f172.jpg,frown
f162.jpg,frown
f133.jpg,frown
f105.jpg,frown
f12.jpg,frown
f110.jpg,frown
f164.jpg,frown
f60.jpg,frown
f48.jpg,frown
f100.jpg,frown
f2.jpg,frown
f41.jpg,frown
f167.jpg,frown
f139.jpg,frown
f121.jpg,frown
f136.jpg,frown
f99.jpg,frown
f39.jpg,frown
f17.jpg,frown
f157.jpg,frown
f6.jpg,frown
f124.jpg,frown
f14.jpg,frown
f70.jpg,frown
f169.jpg,frown
f9.jpg,frown
f141.jpg,frown
f111.jpg,frown
f163.jpg,frown
f114.jpg,frown
f75.jpg,frown
f159.jpg,frown
f116.jpg,frown
f146.jpg,frown
f97.jpg,frown
f4.jpg,frown
f66.jpg,frown
f112.jpg,frown
f62.jpg,frown
f37.jpg,frown
f89.jpg,frown
f10.jpg,frown
f151.jpg,frown
f150.jpg,frown
f118.jpg,frown
f23.jpg,frown
f65.jpg,frown
f130.jpg,frown
f132.jpg,frown
f68.jpg,frown
f152.jpg,frown
f106.jpg,frown
f74.jpg,frown
f59.jpg,frown
f88.jpg,frown
f79.jpg,frown
f145.jpg,frown
f33.jpg,frown
f58.jpg,frown
f95.jpg,frown
f125.jpg,frown
f101.jpg,frown
f128.jpg,frown
f96.jpg,frown
f82.jpg,frown
f30.jpg,frown
f103.jpg,frown
f123.jpg,frown
f32.jpg,frown
f34.jpg,frown
f73.jpg,frown
f69.jpg,frown
f35.jpg,frown
f134.jpg,frown
f54.jpg,frown
f53.jpg,frown
f27.jpg,frown
f16.jpg,frown
f173.jpg,frown
f84.jpg,frown
f42.jpg,frown
f119.jpg,frown
f36.jpg,frown
f81.jpg,frown
f115.jpg,frown
f104.jpg,frown
f165.jpg,frown
f176.jpg,frown
f55.jpg,frown
f142.jpg,frown
f90.jpg,frown
f85.jpg,frown
f71.jpg,frown
f87.jpg,frown
f21.jpg,frown
f170.jpg,frown
s36.jpg,smile
s49.jpg,smile
s16.jpg,smile
s15.jpg,smile
s65.jpg,smile
s109.jpg,smile
s45.jpg,smile
s152.jpg,smile
s24.jpg,smile
s168.jpg,smile
s25.jpg,smile
s111.jpg,smile
s50.jpg,smile
s119.jpg,smile
s42.jpg,smile
s157.jpg,smile
s38.jpg,smile
s33.jpg,smile
s43.jpg,smile
s113.jpg,smile
s48.jpg,smile
s82.jpg,smile
s11.jpg,smile
s80.jpg,smile
s75.jpg,smile
s66.jpg,smile
s9.jpg,smile
s69.jpg,smile
s164.jpg,smile
s105.jpg,smile
s145.jpg,smile
s167.jpg,smile
s161.jpg,smile
s99.jpg,smile
s79.jpg,smile
s134.jpg,smile
s121.jpg,smile
s116.jpg,smile
s126.jpg,smile
s86.jpg,smile
s124.jpg,smile
s13.jpg,smile
s95.jpg,smile
s44.jpg,smile
s14.jpg,smile
s114.jpg,smile
s62.jpg,smile
s73.jpg,smile
s23.jpg,smile
s84.jpg,smile
s93.jpg,smile
s57.jpg,smile
s135.jpg,smile
s173.jpg,smile
s61.jpg,smile
s81.jpg,smile
s154.jpg,smile
s144.jpg,smile
s160.jpg,smile
s21.jpg,smile
s54.jpg,smile
s6.jpg,smile
s101.jpg,smile
s39.jpg,smile
s125.jpg,smile
s104.jpg,smile
s103.jpg,smile
s123.jpg,smile
s89.jpg,smile
s17.jpg,smile
s29.jpg,smile
s175.jpg,smile
s10.jpg,smile
s147.jpg,smile
s55.jpg,smile
s92.jpg,smile
s165.jpg,smile
s169.jpg,smile
s108.jpg,smile
s88.jpg,smile
s20.jpg,smile
s59.jpg,smile
s2.jpg,smile
s162.jpg,smile
s41.jpg,smile
s151.jpg,smile
s120.jpg,smile
s122.jpg,smile
s98.jpg,smile
s56.jpg,smile
s155.jpg,smile
s159.jpg,smile
s128.jpg,smile
s83.jpg,smile
s70.jpg,smile
s146.jpg,smile
s3.jpg,smile
s96.jpg,smile
s91.jpg,smile
s150.jpg,smile
s40.jpg,smile
s148.jpg,smile
s132.jpg,smile
s142.jpg,smile
s130.jpg,smile
s136.jpg,smile
s85.jpg,smile
s58.jpg,smile
s32.jpg,smile
s53.jpg,smile
s72.jpg,smile
s5.jpg,smile
s156.jpg,smile
s140.jpg,smile
s172.jpg,smile
s60.jpg,smile
s141.jpg,smile
s163.jpg,smile
s77.jpg,smile
s158.jpg,smile
s34.jpg,smile
s170.jpg,smile
s106.jpg,smile
s71.jpg,smile
s153.jpg,smile
s19.jpg,smile
s174.jpg,smile
s87.jpg,smile
s8.jpg,smile
s30.jpg,smile
s107.jpg,smile
s22.jpg,smile
s31.jpg,smile
s4.jpg,smile
s115.jpg,smile
s51.jpg,smile
s90.jpg,smile
s139.jpg,smile
s52.jpg,smile
s74.jpg,smile
s64.jpg,smile
s94.jpg,smile
s35.jpg,smile
s117.jpg,smile
s137.jpg,smile
s67.jpg,smile
s47.jpg,smile
s12.jpg,smile
s131.jpg,smile
s18.jpg,smile
s26.jpg,smile
s97.jpg,smile
s46.jpg,smile
s127.jpg,smile
s100.jpg,smile
s129.jpg,smile
s1.jpg,smile
s138.jpg,smile
s166.jpg,smile
s149.jpg,smile
s37.jpg,smile
s68.jpg,smile
s102.jpg,smile
s110.jpg,smile
s28.jpg,smile
s171.jpg,smile
s133.jpg,smile
s143.jpg,smile
s112.jpg,smile
s176.jpg,smile
s63.jpg,smile
s118.jpg,smile
s76.jpg,smile
s7.jpg,smile
s78.jpg,smile
s27.jpg,smile
